{"graph_0": {"_type": "graph-file", "path": "media/graph/graph_0_summary_a4c1e828.graph.json", "sha256": "a4c1e828378e1d586961fa639de15bcf4f547894f866252ff8033e0afa79daab", "size": 13289}, "D0_Split.train_dev_loss": 3.1634628251194954, "D0_Split.train_dev_matthews_corrcoef": 0.0, "D0_Split.train_dev_f1_micro": 0.11301369863013698, "D0_Split.train_dev_f1_weighted": 0.022950474183350892, "epoch": 7.0, "D1_Split.train_dev_loss": 4.856678874676044, "D1_Split.train_dev_matthews_corrcoef": 0.0, "D1_Split.train_dev_f1_micro": 0.03188405797101449, "D1_Split.train_dev_f1_weighted": 0.0019703631330402213, "MANC_Split.train_dev_loss": 1.932234525680542, "MANC_Split.train_dev_matthews_corrcoef": 0.0, "MANC_Split.train_dev_f1_micro": 0.3773584905660377, "MANC_Split.train_dev_f1_weighted": 0.20677177565262345, "LOC_Split.train_dev_loss": 3.145766394478934, "LOC_Split.train_dev_matthews_corrcoef": 0.0, "LOC_Split.train_dev_f1_micro": 0.11165048543689321, "LOC_Split.train_dev_f1_weighted": 0.022427608428371566, "SIGNT_Split.train_dev_loss": 2.9594293435414634, "SIGNT_Split.train_dev_matthews_corrcoef": 0.0, "SIGNT_Split.train_dev_f1_micro": 0.18181818181818182, "SIGNT_Split.train_dev_f1_weighted": 0.055944055944055944, "D0_Split.dev_loss": 3.1634628251194954, "D0_Split.dev_matthews_corrcoef": 0.0, "D0_Split.dev_f1_micro": 0.11301369863013698, "D0_Split.dev_f1_weighted": 0.022950474183350892, "D1_Split.dev_loss": 4.856678874676044, "D1_Split.dev_matthews_corrcoef": 0.0, "D1_Split.dev_f1_micro": 0.03188405797101449, "D1_Split.dev_f1_weighted": 0.0019703631330402213, "MANC_Split.dev_loss": 1.932234525680542, "MANC_Split.dev_matthews_corrcoef": 0.0, "MANC_Split.dev_f1_micro": 0.3773584905660377, "MANC_Split.dev_f1_weighted": 0.20677177565262345, "LOC_Split.dev_loss": 3.145766394478934, "LOC_Split.dev_matthews_corrcoef": 0.0, "LOC_Split.dev_f1_micro": 0.11165048543689321, "LOC_Split.dev_f1_weighted": 0.022427608428371566, "SIGNT_Split.dev_loss": 2.9594293435414634, "SIGNT_Split.dev_matthews_corrcoef": 0.0, "SIGNT_Split.dev_f1_micro": 0.18181818181818182, "SIGNT_Split.dev_f1_weighted": 0.055944055944055944, "_runtime": 59, "_timestamp": 1619538861, "_step": 56}