{"graph_0": {"_type": "graph-file", "path": "media/graph/graph_0_summary_adea1a0b.graph.json", "sha256": "adea1a0b84f8bdd710deeb37a3915231a9c404ac26b7ee3b771c9f4d1cb62901", "size": 20222}, "D0_Split.train_dev_loss": 4.050767945474945, "D0_Split.train_dev_matthews_corrcoef": 0.0, "D0_Split.train_dev_f1_micro": 0.11301369863013698, "D0_Split.train_dev_f1_weighted": 0.022950474183350892, "epoch": 7.0, "D1_Split.train_dev_loss": 5.6401206669899135, "D1_Split.train_dev_matthews_corrcoef": 0.0, "D1_Split.train_dev_f1_micro": 0.03188405797101449, "D1_Split.train_dev_f1_weighted": 0.0019703631330402213, "MANC_Split.train_dev_loss": 1.6430021524429321, "MANC_Split.train_dev_matthews_corrcoef": 0.10401219097102075, "MANC_Split.train_dev_f1_micro": 0.39622641509433965, "MANC_Split.train_dev_f1_weighted": 0.245300735228984, "LOC_Split.train_dev_loss": 3.371420383453369, "LOC_Split.train_dev_matthews_corrcoef": 0.08124568333732017, "LOC_Split.train_dev_f1_micro": 0.13592233009708737, "LOC_Split.train_dev_f1_weighted": 0.06932701345676334, "SIGNT_Split.train_dev_loss": 3.3133779168128967, "SIGNT_Split.train_dev_matthews_corrcoef": 0.378447345944179, "SIGNT_Split.train_dev_f1_micro": 0.45454545454545453, "SIGNT_Split.train_dev_f1_weighted": 0.30374331550802136, "D0_Split.dev_loss": 4.050767945474945, "D0_Split.dev_matthews_corrcoef": 0.0, "D0_Split.dev_f1_micro": 0.11301369863013698, "D0_Split.dev_f1_weighted": 0.022950474183350892, "D1_Split.dev_loss": 5.6401206669899135, "D1_Split.dev_matthews_corrcoef": 0.0, "D1_Split.dev_f1_micro": 0.03188405797101449, "D1_Split.dev_f1_weighted": 0.0019703631330402213, "MANC_Split.dev_loss": 1.6430021524429321, "MANC_Split.dev_matthews_corrcoef": 0.10401219097102075, "MANC_Split.dev_f1_micro": 0.39622641509433965, "MANC_Split.dev_f1_weighted": 0.245300735228984, "LOC_Split.dev_loss": 3.371420383453369, "LOC_Split.dev_matthews_corrcoef": 0.08124568333732017, "LOC_Split.dev_f1_micro": 0.13592233009708737, "LOC_Split.dev_f1_weighted": 0.06932701345676334, "SIGNT_Split.dev_loss": 3.3133779168128967, "SIGNT_Split.dev_matthews_corrcoef": 0.378447345944179, "SIGNT_Split.dev_f1_micro": 0.45454545454545453, "SIGNT_Split.dev_f1_weighted": 0.30374331550802136, "_runtime": 110, "_timestamp": 1619108711, "_step": 168}